Id,Name,conName,Url,status
0332c7ce95ae43bd9fe7a62ffe93905b,师训专题列表,SubjectListV1,https://fileimosscdn.lejiaolexue.com/rest/dl/bb9f6ce88cf08e054181cfb7c7a5e0f882e3c4dd.css,200
0332c7ce95ae43bd9fe7a62ffe93905b,师训专题列表,SubjectListV1,https://fileimosscdn.lejiaolexue.com/rest/dl/5074c78adf32d4c2e000447bde95efb31c99af62.js,404 Not Found
0462dcda46fa4f899c42079aef84dc28,师训成果评阅详情,AchievementReviewDetail,https://fileimosscdn.lejiaolexue.com/rest/dl/c8171473d1259d14d5e10caa0683f1a35ee2d12b.css,200
0462dcda46fa4f899c42079aef84dc28,师训成果评阅详情,AchievementReviewDetail,https://fileimosscdn.lejiaolexue.com/rest/dl/ef2283ccfcbee182e68b377b5553cebe46f41155.js,200
0560db7ec81f4f45b1690aa870d216e7,师训课程学习,Learning,https://fileimosscdn.lejiaolexue.com/rest/dl/0f4f92c2af4f7855da0975979f0c8c9151ea1b01.css,200
0560db7ec81f4f45b1690aa870d216e7,师训课程学习,Learning,https://fileimosscdn.lejiaolexue.com/rest/dl/f49e7537d34e662340ddc03eb4ebacf9598d1bbd.js,200
066579d81aff4888a7a78c9f52ef6055,师训专题简介详情,SubjectBriefDetailV1,https://fileimosscdn.lejiaolexue.com/rest/dl/7bc11007f97b349ec9cbb2900d9c84660692311e.css,404 Not Found
066579d81aff4888a7a78c9f52ef6055,师训专题简介详情,SubjectBriefDetailV1,https://fileimosscdn.lejiaolexue.com/rest/dl/e0c5c59d87d64f042b6946b2fa9d598ed724f672.js,404 Not Found
06a6ba10e4b34a3bb883335cbc93f1bd,资源banner（带导航）,Navigation,https://fileimosscdn.lejiaolexue.com/rest/dl/13c55e842afb02a95163ade4b8c2b8cdda2faa4e.css,200
06a6ba10e4b34a3bb883335cbc93f1bd,资源banner（带导航）,Navigation,https://fileimosscdn.lejiaolexue.com/rest/dl/26bb09b5944c69ae8d3d439cefbbbcb71575c5a0.js,200
074cb3ccf3e048708a65688b719c2b4c,师训研修日志详情,ReserchLogDetail,https://fileimosscdn.lejiaolexue.com/rest/dl/e608ad023d4bc2bb8a2687e1a819c1cfca1a2117.css,404 Not Found
074cb3ccf3e048708a65688b719c2b4c,师训研修日志详情,ReserchLogDetail,https://fileimosscdn.lejiaolexue.com/rest/dl/014d8fda2efd8aabf0a44a65c1e50230256442c8.js,404 Not Found
08678712532146cea565d3d5708e712e,师训新闻,EduNewsV4,https://fileimosscdn.lejiaolexue.com/rest/dl/832100dfd8dbe022b40537d905aef28368b55c63.css,404 Not Found
08678712532146cea565d3d5708e712e,师训新闻,EduNewsV4,https://fileimosscdn.lejiaolexue.com/rest/dl/e1df871167f71536033e13f3e8259f26f9a1986c.js,404 Not Found
0a2eaf40a3d943228d5784409ab70b7b,最新最热,latesHot,https://fileimosscdn.lejiaolexue.com/rest/dl/207a635930d3f6b41d1373e7ee26ea30634f65d4.css,200
0a2eaf40a3d943228d5784409ab70b7b,最新最热,latesHot,https://fileimosscdn.lejiaolexue.com/rest/dl/e179672888fd153335b3ac68d4961cb254f58d9d.js,404 Not Found
0a451311665842bbbbff7f07658a345d,海量资源,HugeAmountsResourcess,https://fileimosscdn.lejiaolexue.com/rest/dl/1b4324913b3548157e0b749875d68dd889e980d7.css,200
0a451311665842bbbbff7f07658a345d,海量资源,HugeAmountsResourcess,https://fileimosscdn.lejiaolexue.com/rest/dl/fde043e6db7a81a9f0110751e9a6659d6336c4e9.js,200
0b08477e76e2431786dc8901ada4415f,师训听评课编辑,TingpingkeEdit,https://fileimosscdn.lejiaolexue.com/rest/dl/0b41edb500cdacfa6b01ade866bb45538c96d400.css,200
0b08477e76e2431786dc8901ada4415f,师训听评课编辑,TingpingkeEdit,https://fileimosscdn.lejiaolexue.com/rest/dl/4b8ebf611721f4dcbe0dbc9a6eac3a7836f3904f.js,200
0c8187396648476a8dbd5cf5afe9ed28,校级才艺秀列表,TalentList,https://fileimosscdn.lejiaolexue.com/rest/dl/eafbb57ba8eb041de57fa8155509253630a3d8ed.css,404 Not Found
0c8187396648476a8dbd5cf5afe9ed28,校级才艺秀列表,TalentList,https://fileimosscdn.lejiaolexue.com/rest/dl/c29483c3e6f2989eef652589bc17a5f656954a21.js,404 Not Found
0cc4555227904114829e432442cf2072,个人空间乐闻详情,LeWenDetail,https://fileimosscdn.lejiaolexue.com/rest/dl/f5861efc6fd35c0cca7fe1e7cc2a998b7457223c.css,404 Not Found
0cc4555227904114829e432442cf2072,个人空间乐闻详情,LeWenDetail,https://fileimosscdn.lejiaolexue.com/rest/dl/3174d9eba13c22b99ce13df206cad03d0b31c46f.js,404 Not Found
0e4cb8d65d4a46428a544af359579c72,师训成果评阅,AchievementReview,https://fileimosscdn.lejiaolexue.com/rest/dl/c0f71a269091e0fdc3baf622394b93dfdef5ad4a.css,200
0e4cb8d65d4a46428a544af359579c72,师训成果评阅,AchievementReview,https://fileimosscdn.lejiaolexue.com/rest/dl/f5b6d72dd2aacc25f01d91f6c49573ffe5002055.js,200
10d63117406d4b8e8ffe0ae4a2cffe0a,师训课程简介,CourseBriefV1,https://fileimosscdn.lejiaolexue.com/rest/dl/a8e59696a223228dc87853ac82003067a9a52f02.css,404 Not Found
10d63117406d4b8e8ffe0ae4a2cffe0a,师训课程简介,CourseBriefV1,https://fileimosscdn.lejiaolexue.com/rest/dl/18270b4d6288a3c3778a9503b27affde6014cea7.js,404 Not Found
117900d3250a477cb54f0022df2238c2,师训视频标题,VideoTitleV1,https://fileimosscdn.lejiaolexue.com/rest/dl/c98f804cc839063285a493843ab8be59223cbeca.css,404 Not Found
117900d3250a477cb54f0022df2238c2,师训视频标题,VideoTitleV1,https://fileimosscdn.lejiaolexue.com/rest/dl/e381ba6d43d7ed834039f90397a41666b8fb9d96.js,404 Not Found
1351bddd8ad64aab9b20d88d9f55f170,师训首页导航栏,ShiXunNavBarV1,https://fileimosscdn.lejiaolexue.com/rest/dl/278e3750e7c45655d1f85943a07f37e06a1b6be1.css,200
1351bddd8ad64aab9b20d88d9f55f170,师训首页导航栏,ShiXunNavBarV1,https://fileimosscdn.lejiaolexue.com/rest/dl/d5063a72fdf422fa31f2dc19d13391ef34880d9d.js,200
13d05009ae0140b3a929b4b41c70d7e2,空间应用列表,SpaceAppList,https://fileimosscdn.lejiaolexue.com/rest/dl/80897cac2468fd67dc04f2f133209e6ebfa676b5.css,200
13d05009ae0140b3a929b4b41c70d7e2,空间应用列表,SpaceAppList,https://fileimosscdn.lejiaolexue.com/rest/dl/7eca29d68f48c2985134af8aef972b9afb8a8e6d.js,404 Not Found
145fbbf1c5e04110a6910a2ac7304c9c,平昌学校资源首页,SchoolHome,https://fileimosscdn.lejiaolexue.com/rest/dl/90d10660b80befe3853b203719e624a728e0c273.css,404 Not Found
145fbbf1c5e04110a6910a2ac7304c9c,平昌学校资源首页,SchoolHome,https://fileimosscdn.lejiaolexue.com/rest/dl/b5eafb1e70f4971a6f442905b8e87ec2b0e8f9ec.js,404 Not Found
15e00c9527eb4ac899d802187fcdfc23,云平台个人空间列表,PersonalSpaceList,https://fileimosscdn.lejiaolexue.com/rest/dl/2281f54bce20c4b9ce7c0bc2eeabad653cf3fd8d.css,404 Not Found
15e00c9527eb4ac899d802187fcdfc23,云平台个人空间列表,PersonalSpaceList,https://fileimosscdn.lejiaolexue.com/rest/dl/96509e93b5a61927a48fa3c45114b798a2d740e1.js,404 Not Found
164e0e42e6c54bca9997db45e8e79ffd,学校列表,schoolList,https://fileimosscdn.lejiaolexue.com/rest/dl/ea509d7627356423600c4e8d0372369967355196.css,404 Not Found
164e0e42e6c54bca9997db45e8e79ffd,学校列表,schoolList,https://fileimosscdn.lejiaolexue.com/rest/dl/f56fe0097fd8657f98b02c5550a27c9f41683d3c.js,404 Not Found
1883dddfd34e4337a44da3ae85bdf77f,校级首页资源,ResourceShow,https://fileimosscdn.lejiaolexue.com/rest/dl/9269e42d9e4fedb165e79d73ac427698f19def23.css,200
1883dddfd34e4337a44da3ae85bdf77f,校级首页资源,ResourceShow,https://fileimosscdn.lejiaolexue.com/rest/dl/c3665834b75560ff6cb17cf50fbae4b2de7f21dc.js,404 Not Found
1a65d5162fff43bab3ecf8864b423b1b,个人空间才艺秀列表,SpaceTalentList,https://fileimosscdn.lejiaolexue.com/rest/dl/aa12d9a97abf00816047fc2166f8d997227101a1.css,404 Not Found
1a65d5162fff43bab3ecf8864b423b1b,个人空间才艺秀列表,SpaceTalentList,https://fileimosscdn.lejiaolexue.com/rest/dl/fbe60ebbf55c6398a7352eeec65bb4da86fbad4f.js,404 Not Found
1cd9774be3274a9a9d4bffbd072d86a6,导航站位块,SpaceBlock,https://fileimosscdn.lejiaolexue.com/rest/dl/33bd893f6b41409bb07ad3cbaaf132413502322e.css,200
1cd9774be3274a9a9d4bffbd072d86a6,导航站位块,SpaceBlock,https://fileimosscdn.lejiaolexue.com/rest/dl/997a2855161dae7f04ae28056eb2a877fbda4f64.js,200
1d3d2636ea1a455ba3552547deeea4e0,师训听评课详细页,ListenEvaluateDetail,https://fileimosscdn.lejiaolexue.com/rest/dl/b48a7809eacf1a0e3147c977ceb760a7a749dd3e.css,404 Not Found
1d3d2636ea1a455ba3552547deeea4e0,师训听评课详细页,ListenEvaluateDetail,https://fileimosscdn.lejiaolexue.com/rest/dl/66594ef2b40aa85f6cbac6bb9e6f9ce7405a707b.js,404 Not Found
1d8e95e4223c432dbe4c8f9f4b3365d3,作品详情4,Theworkdetails,https://fileimosscdn.lejiaolexue.com/rest/dl/485046f1f3cab56470866e557905179d82a409d7.css,404 Not Found
1d8e95e4223c432dbe4c8f9f4b3365d3,作品详情4,Theworkdetails,https://fileimosscdn.lejiaolexue.com/rest/dl/9e7ee417f81af90593eb81c6318d0f661739fcee.js,404 Not Found
1eae9fc83e8449c3a78386719bd05734,师训首页新闻,HomeNews,https://fileimosscdn.lejiaolexue.com/rest/dl/52ba23b2e6409a6ecf66107452fd8977ed3da6a4.css,200
1eae9fc83e8449c3a78386719bd05734,师训首页新闻,HomeNews,https://fileimosscdn.lejiaolexue.com/rest/dl/b55ac35b3a68b59f600effc186382b28ff5a6d6c.js,404 Not Found
1f1df54a103a43cda2fa77fec164c2cf,个人空间电子证书,SpaceCertList,https://fileimosscdn.lejiaolexue.com/rest/dl/955a5025379198a0c7cdfbf9d7cbeaec9fb11a3f.css,200
1f1df54a103a43cda2fa77fec164c2cf,个人空间电子证书,SpaceCertList,https://fileimosscdn.lejiaolexue.com/rest/dl/e3dde20bbe97e35b6994aa1a7eefba9e16d9f3bf.js,200
27d4e606f88641deabeb082ff50ed1d6,资源中心-统计导航,HugeAmountsResources,https://fileimosscdn.lejiaolexue.com/rest/dl/1b4324913b3548157e0b749875d68dd889e980d7.css,200
27d4e606f88641deabeb082ff50ed1d6,资源中心-统计导航,HugeAmountsResources,https://fileimosscdn.lejiaolexue.com/rest/dl/10331726f4ccd6038cbed225a26c51e9d6f1f453.js,404 Not Found
281f066cd0ab4fc1b90e520409dfa99a,云平台教育资讯列表,NewsList,https://fileimosscdn.lejiaolexue.com/rest/dl/69aa62ac68be9421dbc7e4d0db966cf5d481ddf0.css,404 Not Found
281f066cd0ab4fc1b90e520409dfa99a,云平台教育资讯列表,NewsList,https://fileimosscdn.lejiaolexue.com/rest/dl/89604be5824c41e92303a2852dd8f5622a458c18.js,404 Not Found
28349dcd525846e2a8a406881908b857,校级新闻列表,NewsListV2,https://fileimosscdn.lejiaolexue.com/rest/dl/43560b7bacb2b1c3ecc89eb29d5c5f27a2c010de.css,404 Not Found
28349dcd525846e2a8a406881908b857,校级新闻列表,NewsListV2,https://fileimosscdn.lejiaolexue.com/rest/dl/f71a33f3a964733e6eb0457f6bc4a4cc6d6ac74f.js,200
292270ca841145d5a2a970e7856caa5f,应用列表（新）,MoreApplications,https://fileimosscdn.lejiaolexue.com/rest/dl/fa468c8df2627f92970963a2001c138002f823f8.css,404 Not Found
292270ca841145d5a2a970e7856caa5f,应用列表（新）,MoreApplications,https://fileimosscdn.lejiaolexue.com/rest/dl/58ba134301199c3f03f1d7fcdecc9b8bada45184.js,404 Not Found
2aa544bfcf4d45cc99746fa78b4c5dcc,学校风采（6图）,SchoolStyle,https://fileimosscdn.lejiaolexue.com/rest/dl/f47f0237666c84b52493509e18ec1266cefc098a.css,200
2aa544bfcf4d45cc99746fa78b4c5dcc,学校风采（6图）,SchoolStyle,https://fileimosscdn.lejiaolexue.com/rest/dl/ccd97190ac8eb434f88d34bc4d0c498eee7ef060.js,200
304d02cb42d64bf2a9ce114fae792cc2,云平台微课列表,WeikeList,https://fileimosscdn.lejiaolexue.com/rest/dl/c8cf64f1ca67ed948c40941178310b39b7601fd9.css,200
304d02cb42d64bf2a9ce114fae792cc2,云平台微课列表,WeikeList,https://fileimosscdn.lejiaolexue.com/rest/dl/c4ccdd2acbbd7bfb1746fc09cc7f63782081eda6.js,404 Not Found
3140e0dc869d42918a72a88c87a3c117,个人空间活动作品详情,SpaceActWorksDetail,https://fileimosscdn.lejiaolexue.com/rest/dl/9baff86a9e532afe7173092f9c3e4b6711c35597.css,404 Not Found
3140e0dc869d42918a72a88c87a3c117,个人空间活动作品详情,SpaceActWorksDetail,https://fileimosscdn.lejiaolexue.com/rest/dl/e9e453db7bb684c4c048c1f4149f2cb399b6cd50.js,404 Not Found
3574c084214d4e789967274c9de43412,个人空间资源列表,SpaceResourceList,https://fileimosscdn.lejiaolexue.com/rest/dl/c8cf64f1ca67ed948c40941178310b39b7601fd9.css,200
3574c084214d4e789967274c9de43412,个人空间资源列表,SpaceResourceList,https://fileimosscdn.lejiaolexue.com/rest/dl/ca9755e446bc42aa4a82338197386c13083d6228.js,404 Not Found
35e22f5e446447a58f1e3ec90d5a9f99,新空间头部,SpaceHeaderOutV2,https://fileimosscdn.lejiaolexue.com/rest/dl/b27927add0cbc98ca39bf6ff678c9d6a008bfd7b.css,404 Not Found
35e22f5e446447a58f1e3ec90d5a9f99,新空间头部,SpaceHeaderOutV2,https://fileimosscdn.lejiaolexue.com/rest/dl/e3925ab919735897ace754b9e57903205dda9205.js,404 Not Found
388d446aa4da4262b0aeca3d13558d5c,云平台博客详情,BlogDetail,https://fileimosscdn.lejiaolexue.com/rest/dl/0b7894562bc6dc50fadb4a92814638a002b66ef8.css,200
388d446aa4da4262b0aeca3d13558d5c,云平台博客详情,BlogDetail,https://fileimosscdn.lejiaolexue.com/rest/dl/bd63d27d6d2cd3775ce8cefd65a43286b223e95c.js,200
3918abe59f0c4b179ba07dae919f7673,师训新闻详情,NewsDetail,https://fileimosscdn.lejiaolexue.com/rest/dl/e44a5339b57a7452d13d90f2c61fa89d71c988c1.css,200
3918abe59f0c4b179ba07dae919f7673,师训新闻详情,NewsDetail,https://fileimosscdn.lejiaolexue.com/rest/dl/0608ac5581b9f6f3115da8033da7a46807f4975a.js,404 Not Found
3a6189d994dc412e9a4f4d0bd5c94c06,云平台资源列表组件,ResourceList,https://fileimosscdn.lejiaolexue.com/rest/dl/c8cf64f1ca67ed948c40941178310b39b7601fd9.css,200
3a6189d994dc412e9a4f4d0bd5c94c06,云平台资源列表组件,ResourceList,https://fileimosscdn.lejiaolexue.com/rest/dl/e58612638443b1bb3969e4e9c6dbfab8fd22c439.js,200
3c46e5efc9e84f14af422f3a83328ff2,云平台展示,PlatformShow,https://fileimosscdn.lejiaolexue.com/rest/dl/dd870a8e950d8e203ece64372f95c555bdd6f0ad.css,200
3c46e5efc9e84f14af422f3a83328ff2,云平台展示,PlatformShow,https://fileimosscdn.lejiaolexue.com/rest/dl/0077e2f7c53d9ba1d85b165b412eb5025fde69eb.js,200
41d6fec95ce84b3baf1627303d22d12d,空间动态,SpaceDynamic,https://fileimosscdn.lejiaolexue.com/rest/dl/69f568caac88d4422a1b2ed54300f01da32565d9.css,200
41d6fec95ce84b3baf1627303d22d12d,空间动态,SpaceDynamic,https://fileimosscdn.lejiaolexue.com/rest/dl/f5a3c2b6fbccc1302c6edbec0c0ebd062f45a69f.js,200
45d5c9feabe344a9aa2a9f62bc6a9707,师训视频播放,VideoStudyingV1,https://fileimosscdn.lejiaolexue.com/rest/dl/e8519dc50844249141e7062154b965415f778e42.css,404 Not Found
45d5c9feabe344a9aa2a9f62bc6a9707,师训视频播放,VideoStudyingV1,https://fileimosscdn.lejiaolexue.com/rest/dl/30925b33c84aa11e7f87e71d00229c5df3101e98.js,404 Not Found
4751642f34e3417e83af649f44855213,师训活动详情,ActivityDetail,https://fileimosscdn.lejiaolexue.com/rest/dl/932a25b3796d25665ce207124863866fb6c4d1ab.css,200
4751642f34e3417e83af649f44855213,师训活动详情,ActivityDetail,https://fileimosscdn.lejiaolexue.com/rest/dl/4d0dafac147cd0f204cd6fcc07255838f3f63291.js,200
49ef64305bc64698aace9e46e84f2b0b,云平台新闻详情,NewsDetail,https://fileimosscdn.lejiaolexue.com/rest/dl/164525df6776599a1a540dee9f246801e7b98f15.css,200
49ef64305bc64698aace9e46e84f2b0b,云平台新闻详情,NewsDetail,https://fileimosscdn.lejiaolexue.com/rest/dl/713f8e82f9390f6c3cfab7372f3da6ba228bcdce.js,404 Not Found
4a92c527248049aeb73bf1804153a916,个人空间活动列表,SpaceActivityList,https://fileimosscdn.lejiaolexue.com/rest/dl/65e2585935c041fa011b5dd8e75a4ae392393476.css,200
4a92c527248049aeb73bf1804153a916,个人空间活动列表,SpaceActivityList,https://fileimosscdn.lejiaolexue.com/rest/dl/ecfa060ec6c7f69215fa259caf7665fbd8df5fbe.js,404 Not Found
52cfdb740f4a4e6cbd2292ab9dadad29,首页名师风采,TeacherStyle,https://fileimosscdn.lejiaolexue.com/rest/dl/0f892d2ed944d2246ab827aa072ea4642329cec2.css,404 Not Found
52cfdb740f4a4e6cbd2292ab9dadad29,首页名师风采,TeacherStyle,https://fileimosscdn.lejiaolexue.com/rest/dl/5524ce7b22b21fefca68aca3a32f53c658b4889a.js,404 Not Found
547aa78dc91f483c950e9a4cf3c21141,师训活动,Activity,https://fileimosscdn.lejiaolexue.com/rest/dl/d4b1342d1bb1624a2fcb01264dc4bcd133bf0393.css,200
547aa78dc91f483c950e9a4cf3c21141,师训活动,Activity,https://fileimosscdn.lejiaolexue.com/rest/dl/286ebc7807d667c0430a6e77f36ada94db7ddd62.js,200
58debfa477db4e28bc3eed775cd08273,济宁首页banner,HeadNav,https://fileimosscdn.lejiaolexue.com/rest/dl/aebf8068548f06c8685e0197a652a7408a467659.css,200
58debfa477db4e28bc3eed775cd08273,济宁首页banner,HeadNav,https://fileimosscdn.lejiaolexue.com/rest/dl/0e7dee7f857c9b9d63b7e3adb062ad4e60087dca.js,200
58ec18b4d41145aa9d697e28efcdf893,淮北下载页面,DownloadPage,https://fileimosscdn.lejiaolexue.com/rest/dl/75cd757e4864dd37bb4e973fcb09a5e34c71e373.css,200
58ec18b4d41145aa9d697e28efcdf893,淮北下载页面,DownloadPage,https://fileimosscdn.lejiaolexue.com/rest/dl/571bdb1ce3f4ca5bf332706106be317df3845118.js,200
5a1c00ece728450aa3591c6eccfb1b61,图片组件,ImageWidget,https://fileimosscdn.lejiaolexue.com/rest/dl/d907cd3455907d7c3a22e418db51e5e112a91c83.css,200
5a1c00ece728450aa3591c6eccfb1b61,图片组件,ImageWidget,https://fileimosscdn.lejiaolexue.com/rest/dl/c4c6219b15f303d0bacae8aefa4ab1bb6f6703ec.js,200
5c08cbcfa5f541938e6dcc5ce3d6422c,全部活动,SpecialEvents,https://fileimosscdn.lejiaolexue.com/rest/dl/96606b31993fba57097b6ce38e57a8e49860eb49.css,404 Not Found
5c08cbcfa5f541938e6dcc5ce3d6422c,全部活动,SpecialEvents,https://fileimosscdn.lejiaolexue.com/rest/dl/8ec09edd729245f9b09dd895383229e64560526c.js,404 Not Found
5d293e054cae4760a126fd9cb5db00a5,空间最新文章,SpaceNewArticle,https://fileimosscdn.lejiaolexue.com/rest/dl/149529921daaeeac40353dc6508625979527686a.css,404 Not Found
5d293e054cae4760a126fd9cb5db00a5,空间最新文章,SpaceNewArticle,https://fileimosscdn.lejiaolexue.com/rest/dl/f7dee461f1be4e46b678c2cf2c946f2e523765b9.js,404 Not Found
5d6b6646a1324af4930d13029e33e9b6,云平台才艺秀列表,TalentListV2,https://fileimosscdn.lejiaolexue.com/rest/dl/7147f718d027529338ee5dcf108b92826702ea9a.css,404 Not Found
5d6b6646a1324af4930d13029e33e9b6,云平台才艺秀列表,TalentListV2,https://fileimosscdn.lejiaolexue.com/rest/dl/9695acd811e5bc20953794c69e2542d056561ad2.js,404 Not Found
601e568940524ec699f1057ea50509ab,应用中心-分类应用,Wisdom,https://fileimosscdn.lejiaolexue.com/rest/dl/75e7ff44ccc3f7e0aad0d697f35f940e3980c2a9.css,404 Not Found
601e568940524ec699f1057ea50509ab,应用中心-分类应用,Wisdom,https://fileimosscdn.lejiaolexue.com/rest/dl/a4f33c4704f751bc50a5c83437f04ebb3289657e.js,404 Not Found
60f73db9583d4e999de315164b226ebd,校级空间头部,SpaceHeaderOutV4,https://fileimosscdn.lejiaolexue.com/rest/dl/f57650af9129a1d3d57480b57e05fd97f7795329.css,404 Not Found
60f73db9583d4e999de315164b226ebd,校级空间头部,SpaceHeaderOutV4,https://fileimosscdn.lejiaolexue.com/rest/dl/c69c12a04fb9fc96d8b84f13ec889824b5ed051b.js,404 Not Found
631bad6032e24f5a9b0532b2b11b50ba,首页才艺秀,TalentShow,https://fileimosscdn.lejiaolexue.com/rest/dl/2f2a6f92644f3b2c8bf0cbef9d909d8370d62b8c.css,404 Not Found
631bad6032e24f5a9b0532b2b11b50ba,首页才艺秀,TalentShow,https://fileimosscdn.lejiaolexue.com/rest/dl/80aa81a8af581e08365e70e854c429105ab65755.js,404 Not Found
66dfed04814144edbe0efbb0876603c5,空间头部,SpaceHeaderOut,https://fileimosscdn.lejiaolexue.com/rest/dl/1c281be5c627d46d89d332a0864212f6ebad7a2f.css,404 Not Found
66dfed04814144edbe0efbb0876603c5,空间头部,SpaceHeaderOut,https://fileimosscdn.lejiaolexue.com/rest/dl/ad7fe9e53bd07e4d88519453f541eaeec44bfaec.js,404 Not Found
699dda957e4945cf96378d9300241cd3,校级空间统计,SpaceHeaderOutV3,https://fileimosscdn.lejiaolexue.com/rest/dl/b67c2c4dd3c11e2d7013a4827c30466db2f3f2b7.css,404 Not Found
699dda957e4945cf96378d9300241cd3,校级空间统计,SpaceHeaderOutV3,https://fileimosscdn.lejiaolexue.com/rest/dl/4ead733f09c5300eb3a40374be89320aa8cbd0e2.js,404 Not Found
6b430aa1d34a4b0c92887e5bb714b4bf,体系应用,SysApp,https://fileimosscdn.lejiaolexue.com/rest/dl/5ba38d00a26c6a483c8e5ca28a51f90f7d3a0c46.css,404 Not Found
6b430aa1d34a4b0c92887e5bb714b4bf,体系应用,SysApp,https://fileimosscdn.lejiaolexue.com/rest/dl/961f17823f0293f6eb1b9c7146caa06c986df001.js,404 Not Found
6b50c1323ce14deab3e2ecd9fa55c0b1,师训后台,ShixunAdmin,https://fileimosscdn.lejiaolexue.com/rest/dl/c7cde024d75acea185a248a2d2d864e4a8a8e5e5.css,200
6b50c1323ce14deab3e2ecd9fa55c0b1,师训后台,ShixunAdmin,https://fileimosscdn.lejiaolexue.com/rest/dl/6051d63db9bec27977f7647730f9cbf9b76ba62c.js,200
6ee6940d72164822a5148767a523f1dc,云平台资源详情,ResourceDetail,https://fileimosscdn.lejiaolexue.com/rest/dl/bb73640913a95bc669445da995d05a1f5514bb2f.css,200
6ee6940d72164822a5148767a523f1dc,云平台资源详情,ResourceDetail,https://fileimosscdn.lejiaolexue.com/rest/dl/cfddeea62579cd2eb436a38db1f0971b733152a5.js,200
72afc0fd88dd43f8a536d05e0545e656,空间导航,SpaceNav,https://fileimosscdn.lejiaolexue.com/rest/dl/9276e5262a2e5f45cabbfdeab895996425f90488.css,200
72afc0fd88dd43f8a536d05e0545e656,空间导航,SpaceNav,https://fileimosscdn.lejiaolexue.com/rest/dl/711afb17c0ff930b43ba5d09cef5fc1767fca764.js,200
75135b9ade3e4c0fb07b70f36018d54a,校级首页空间列表,PersonalSpace,https://fileimosscdn.lejiaolexue.com/rest/dl/e6921c5d2a3b7cd014681e9870fc2a983f26c1af.css,404 Not Found
75135b9ade3e4c0fb07b70f36018d54a,校级首页空间列表,PersonalSpace,https://fileimosscdn.lejiaolexue.com/rest/dl/f7fdc26983c6873e31c3c10586a79d442f86ffac.js,200
7554ffe0b3154fe2b332d53b977d27f0,师训成果详情,AchievementDetail,https://fileimosscdn.lejiaolexue.com/rest/dl/63fb965777f014e0d0333559bc6ea49f4548ed4f.css,200
7554ffe0b3154fe2b332d53b977d27f0,师训成果详情,AchievementDetail,https://fileimosscdn.lejiaolexue.com/rest/dl/7cd203abfd859ab7b94e449815946763bcb59051.js,200
7a72e368cf644fd5b9d93b07373b3e8a,校级新闻详情,NewsDetailV2,https://fileimosscdn.lejiaolexue.com/rest/dl/e27812ff2ae536a3424ae44e06826ec9d9e8d2e4.css,200
7a72e368cf644fd5b9d93b07373b3e8a,校级新闻详情,NewsDetailV2,https://fileimosscdn.lejiaolexue.com/rest/dl/18a7619be6f6eb66dc667d73dbc8edd930044ec5.js,200
7c648ae8ff6c485ebee61ca7c5979e08,个人空间活动作品,SpaceActworks,https://fileimosscdn.lejiaolexue.com/rest/dl/21bf967abc2943ba7b3dc0d250ec0aac0385bf09.css,404 Not Found
7c648ae8ff6c485ebee61ca7c5979e08,个人空间活动作品,SpaceActworks,https://fileimosscdn.lejiaolexue.com/rest/dl/47067a550f3392e6b43b792e12b4558690b661db.js,404 Not Found
7d7c3649f75c403e9b230f2387de1f02,应用页banner,ApplicationSystem,https://fileimosscdn.lejiaolexue.com/rest/dl/6daaab3468d07660a682fabbff4267b77790bf86.css,200
7d7c3649f75c403e9b230f2387de1f02,应用页banner,ApplicationSystem,https://fileimosscdn.lejiaolexue.com/rest/dl/2cddfae2db7ec3f27d7cdb1541bd0e46fae2ab25.js,404 Not Found
7e7b3244696a4dca8b4e1b725a3d9bdc,空间个人统计,SpaceStatistics,https://fileimosscdn.lejiaolexue.com/rest/dl/97d81d8233bc5d295e2f18c48ded9de434c3a790.css,200
7e7b3244696a4dca8b4e1b725a3d9bdc,空间个人统计,SpaceStatistics,https://fileimosscdn.lejiaolexue.com/rest/dl/18a09b7bfa791f84b74c2fb33ce5e66bbee844f9.js,200
7eb78d2779c34a13b75f5d4d0fc00ad9,师训专题简介,SubjectBriefV1,https://fileimosscdn.lejiaolexue.com/rest/dl/50ac72256af5b48b6e0e4095fc9b1b9d970da6da.css,200
7eb78d2779c34a13b75f5d4d0fc00ad9,师训专题简介,SubjectBriefV1,https://fileimosscdn.lejiaolexue.com/rest/dl/2c34616b3312c985e9599efe5de3a73dbc594b19.js,200
802f31212c5249b0809821fa9c1c5e35,个人空间相册列表,SpacePhotoList,https://fileimosscdn.lejiaolexue.com/rest/dl/f135253f7ff669228f7ec324b9faeab534c5565f.css,200
802f31212c5249b0809821fa9c1c5e35,个人空间相册列表,SpacePhotoList,https://fileimosscdn.lejiaolexue.com/rest/dl/039c04fa302d56a3bb48930c938bd7c06f8152bd.js,404 Not Found
8137f8ced66d43ae92283536e6e35cbb,师训成果上传,AchievementUpload,https://fileimosscdn.lejiaolexue.com/rest/dl/2bf1d828b03db8ed37e368ce8aaca4c74d9dd177.css,200
8137f8ced66d43ae92283536e6e35cbb,师训成果上传,AchievementUpload,https://fileimosscdn.lejiaolexue.com/rest/dl/d3c6b47cd6aa46fd25dda644c2f954445fe7030e.js,200
84740e5f68754e55befb5b9f7d3774b6,师训专题学习V2,LearningSubjectV2,https://fileimosscdn.lejiaolexue.com/rest/dl/1b5e68baefe60eb98c8aca950c216f748bcbc3c2.css,200
84740e5f68754e55befb5b9f7d3774b6,师训专题学习V2,LearningSubjectV2,https://fileimosscdn.lejiaolexue.com/rest/dl/a2dc989b9d8c75f20ee9f9d9c1ee045bc779710b.js,200
876ef832c4604d2284f351ece00ef575,个人空间访客,SpaceVisitors,https://fileimosscdn.lejiaolexue.com/rest/dl/5d365a96944af25aff6a1fcdb9a837d4e3435d8f.css,404 Not Found
876ef832c4604d2284f351ece00ef575,个人空间访客,SpaceVisitors,https://fileimosscdn.lejiaolexue.com/rest/dl/51dc7970edc8ee0d2fbc83cda0f76e62f6e9da71.js,200
88a9d3e3d6244a64878327807f8029b4,文字组件,TextWidget,https://fileimosscdn.lejiaolexue.com/rest/dl/edc79d47918f79d7c05b475c8ea3ee3fe27fab53.css,404 Not Found
88a9d3e3d6244a64878327807f8029b4,文字组件,TextWidget,https://fileimosscdn.lejiaolexue.com/rest/dl/6785e86ccd3633bc54b358d1ca278ad3d78b5a58.js,404 Not Found
8a441e2385d34775a94cd8195a250fdc,师训资源上传,UploadResource,https://fileimosscdn.lejiaolexue.com/rest/dl/b8791417020b13abf7d9d1c43acf578c5f60e2ed.css,200
8a441e2385d34775a94cd8195a250fdc,师训资源上传,UploadResource,https://fileimosscdn.lejiaolexue.com/rest/dl/1e5e734ba3bf25789910b0dc7530cb38dccb570a.js,200
8b6374c08eb648eea6524a00671b9cb5,首页应用组件（两栏）,SysAppV2,https://fileimosscdn.lejiaolexue.com/rest/dl/98edbafdee9bbb5f03384e600cf9f0c35577f38d.css,200
8b6374c08eb648eea6524a00671b9cb5,首页应用组件（两栏）,SysAppV2,https://fileimosscdn.lejiaolexue.com/rest/dl/39cc257b64af9179da2f2e916723546aa6e88c57.js,200
8cb57a8d7bed418789febd48ea9dd015,个人空间才艺秀,SpaceTalent,https://fileimosscdn.lejiaolexue.com/rest/dl/15f5b7073b53b82297cea2ee0ca6fa6728e26fe1.css,200
8cb57a8d7bed418789febd48ea9dd015,个人空间才艺秀,SpaceTalent,https://fileimosscdn.lejiaolexue.com/rest/dl/76140592a0852ff8f8905adbc792111f642eab2d.js,200
8da8a9717e4c4774a598513f18351e07,师训视频详情,VideoDetailV1,https://fileimosscdn.lejiaolexue.com/rest/dl/adc83b19e793491b1c6ea0fd8b46cd9f32e592fc.css,200
8da8a9717e4c4774a598513f18351e07,师训视频详情,VideoDetailV1,https://fileimosscdn.lejiaolexue.com/rest/dl/ed5d4d3635f7bb68f66add0c25049f2874224862.js,404 Not Found
9019a242900446b3961dac0a2c10b886,首页资源展示,ResourceShow,https://fileimosscdn.lejiaolexue.com/rest/dl/9269e42d9e4fedb165e79d73ac427698f19def23.css,200
9019a242900446b3961dac0a2c10b886,首页资源展示,ResourceShow,https://fileimosscdn.lejiaolexue.com/rest/dl/020bf66b2ea64c3a754db520b18e5b932a328982.js,200
933e0d6d830942d2866af5105c273fed,教育资讯,EduNews,https://fileimosscdn.lejiaolexue.com/rest/dl/257f9dda23edae796f9f570f55a8819ec34a248f.css,404 Not Found
933e0d6d830942d2866af5105c273fed,教育资讯,EduNews,https://fileimosscdn.lejiaolexue.com/rest/dl/967685e16464e77747507bb696364bcf2862c66d.js,404 Not Found
9551370b00ee40d8a42e68498c262ad7,统计数据,StatData,https://fileimosscdn.lejiaolexue.com/rest/dl/7d6195c880e8218c1cdb62618154e16252c4d22a.css,404 Not Found
9551370b00ee40d8a42e68498c262ad7,统计数据,StatData,https://fileimosscdn.lejiaolexue.com/rest/dl/8875c8bad8bdc4ba6361f98432ec8ac32ceefd91.js,404 Not Found
962cadf114cc4d29806ce48a16896500,云平台应用详情组件,AppDetail,https://fileimosscdn.lejiaolexue.com/rest/dl/2ed632405940040fd34304e67a2cb8ae7bd09106.css,404 Not Found
962cadf114cc4d29806ce48a16896500,云平台应用详情组件,AppDetail,https://fileimosscdn.lejiaolexue.com/rest/dl/a224ff535cfdf3156f381c88a9d33f28d2f099de.js,404 Not Found
9650d349cb6d44d4a4513a94dcc8e606,校级博客列表,BlogList,https://fileimosscdn.lejiaolexue.com/rest/dl/6060ec3e2616d76a29279fa59b0ab68fa6d13058.css,404 Not Found
9650d349cb6d44d4a4513a94dcc8e606,校级博客列表,BlogList,https://fileimosscdn.lejiaolexue.com/rest/dl/ae5ec19ca7b8cdee03b76f8014deb186a3946634.js,404 Not Found
972b85efe3b24c4793885abd2c2685d4,云平台应用列表,SysAppListV1,https://fileimosscdn.lejiaolexue.com/rest/dl/654ffbc056e4c14021f44f124585c78657c3549c.css,200
972b85efe3b24c4793885abd2c2685d4,云平台应用列表,SysAppListV1,https://fileimosscdn.lejiaolexue.com/rest/dl/dcfaf24c6045579e034d55d079195b635b836af4.js,404 Not Found
98d95c0fa38c4f2e998a86b6f199b716,师训专题学习,LearningSubject,https://fileimosscdn.lejiaolexue.com/rest/dl/a45c5b9ac1f60996390408a627c58f7d9e147371.css,404 Not Found
98d95c0fa38c4f2e998a86b6f199b716,师训专题学习,LearningSubject,https://fileimosscdn.lejiaolexue.com/rest/dl/71e93ab6516d2c3bb358879d9d874c5360e0d39f.js,404 Not Found
99442a929493474baaeb48eb2404208d,校级空间列表,PersonalSpaceListV2,https://fileimosscdn.lejiaolexue.com/rest/dl/27120776bd8a1218c437ee66f5baf10f1f102bc1.css,404 Not Found
99442a929493474baaeb48eb2404208d,校级空间列表,PersonalSpaceListV2,https://fileimosscdn.lejiaolexue.com/rest/dl/bc209b14a38a9ba39aacd4235a56f1e8791bef29.js,404 Not Found
995bd063a6924187822e53e51b2ff518,通用下载,Download,https://fileimosscdn.lejiaolexue.com/rest/dl/82dfdbe429d4984901ef833cfa06dd55779db659.css,404 Not Found
995bd063a6924187822e53e51b2ff518,通用下载,Download,https://fileimosscdn.lejiaolexue.com/rest/dl/f4ebfa9e3e724de789e6fc84b75a981efddaf06d.js,404 Not Found
99c67da0f8434672aafa112cb99275a1,轮播图组件,LoopBanner,https://fileimosscdn.lejiaolexue.com/rest/dl/92f2eb6bb374e20930b43332c66ca00dab032f6d.css,200
99c67da0f8434672aafa112cb99275a1,轮播图组件,LoopBanner,https://fileimosscdn.lejiaolexue.com/rest/dl/e2cd6bdb7227237afd014230f221b44af1fc5290.js,200
a3d61e4fc79741ed931b1a10a0b4f74c,师训新闻,News,https://fileimosscdn.lejiaolexue.com/rest/dl/42732a30c9625314a9bf0a1245a8e3a89c42f651.css,200
a3d61e4fc79741ed931b1a10a0b4f74c,师训新闻,News,https://fileimosscdn.lejiaolexue.com/rest/dl/41301f4caf332750204d6df6b5d162e4ceba4554.js,200
a5582ece49cf463da292570e5018c586,活动详情8,EventDetail,https://fileimosscdn.lejiaolexue.com/rest/dl/8ecdc4fbf1aa16fa2aa1de444c55a68f7de0f242.css,404 Not Found
a5582ece49cf463da292570e5018c586,活动详情8,EventDetail,https://fileimosscdn.lejiaolexue.com/rest/dl/0d828814443111412f61b3e1e90a4f80c82bd594.js,404 Not Found
a7d0ffc91d5e4cc898ec5767e9b079bf,校本资源库排行榜,ResourceList,https://fileimosscdn.lejiaolexue.com/rest/dl/57854cc01e2d9bb0afa4681488109d7edf3500d6.css,200
a7d0ffc91d5e4cc898ec5767e9b079bf,校本资源库排行榜,ResourceList,https://fileimosscdn.lejiaolexue.com/rest/dl/95a71f6e97c503a61f9ee1ca50e4f19a5f6d945a.js,404 Not Found
a826f76fe9f54f30aa7077040ee6820c,首页-学科资源&资讯,TeacherMesg,https://fileimosscdn.lejiaolexue.com/rest/dl/bc1084176afb7ca7f659ab86e5f07822953ca53c.css,200
a826f76fe9f54f30aa7077040ee6820c,首页-学科资源&资讯,TeacherMesg,https://fileimosscdn.lejiaolexue.com/rest/dl/60956850f0189191ad7c1a7ee5d5a728c43e80aa.js,404 Not Found
a871835b9cc6491fb8912ed6295f1f8d,个人空间乐闻,SpaceNews,https://fileimosscdn.lejiaolexue.com/rest/dl/a57adbf0c354468d271612803e3c3612822b95c9.css,404 Not Found
a871835b9cc6491fb8912ed6295f1f8d,个人空间乐闻,SpaceNews,https://fileimosscdn.lejiaolexue.com/rest/dl/df5713e7c74ef49e24a306ca44eb863984791d88.js,404 Not Found
a8ff1c8bfe754f31b185c6716ba524b5,空白组件,BlankWidget,https://fileimosscdn.lejiaolexue.com/rest/dl/81e6b92fb004a1f3d64131e07abdcbfbd6eb4fbe.css,200
a8ff1c8bfe754f31b185c6716ba524b5,空白组件,BlankWidget,https://fileimosscdn.lejiaolexue.com/rest/dl/34fda4771c1794fb2b300a52a8505cc2862d4b66.js,200
a910c79efce843e295c18c63b9ab6395,云平台列表,PlatformList,https://fileimosscdn.lejiaolexue.com/rest/dl/7678d98fa1d99c5928ac28c76fff438576a223f3.css,200
a910c79efce843e295c18c63b9ab6395,云平台列表,PlatformList,https://fileimosscdn.lejiaolexue.com/rest/dl/ed86364ea552415ff25e56c417a3db5029a74d7e.js,200
aa12c54698f3483d815898593972d605,云平台才艺秀详情,TalentDetail,https://fileimosscdn.lejiaolexue.com/rest/dl/ccb8f65e586e2906c2ea787e3fbe3e0d56429738.css,404 Not Found
aa12c54698f3483d815898593972d605,云平台才艺秀详情,TalentDetail,https://fileimosscdn.lejiaolexue.com/rest/dl/0401561f230ed603463430bac06c703d02735bd6.js,404 Not Found
b1906dee7cba4c199c9134048b1a5c7a,云平台电子证书,CertificateSearch,https://fileimosscdn.lejiaolexue.com/rest/dl/8e91c25efc37c0378c8ca2ed591b3917fc2b3600.css,200
b1906dee7cba4c199c9134048b1a5c7a,云平台电子证书,CertificateSearch,https://fileimosscdn.lejiaolexue.com/rest/dl/8fe5fb764700f16baf0f601f80ac11363a698a19.js,404 Not Found
b27de4469c7243ca871d54151eb44ba7,通知组件,ScrollNotice,https://fileimosscdn.lejiaolexue.com/rest/dl/b064a77b9d60d60be7018c4f3871ed04d9d17e35.css,200
b27de4469c7243ca871d54151eb44ba7,通知组件,ScrollNotice,https://fileimosscdn.lejiaolexue.com/rest/dl/da4992cfbc0e7645968de5dd46828058975f8837.js,200
b3e7d69a48764f5b994d184dae702063,云平台博客列表,BlogList,https://fileimosscdn.lejiaolexue.com/rest/dl/658141f06482c68eba28e94db3453ace8fd5d9a7.css,404 Not Found
b3e7d69a48764f5b994d184dae702063,云平台博客列表,BlogList,https://fileimosscdn.lejiaolexue.com/rest/dl/801621daa5b79127e823083d78e2a9def0ca6ecc.js,404 Not Found
b75d0fb9cf8d45c89dd750d14dd92c43,云平台机构空间列表,OrganizeSpaceList,https://fileimosscdn.lejiaolexue.com/rest/dl/9d667b5122988e7e2679ba8be4f57a14e2c1db0e.css,404 Not Found
b75d0fb9cf8d45c89dd750d14dd92c43,云平台机构空间列表,OrganizeSpaceList,https://fileimosscdn.lejiaolexue.com/rest/dl/96683b5e6487e1c92802fbe0183ab52ca6895866.js,404 Not Found
b8decfb32d5c4241a065d79f2118da72,云平台个人空间,PersonalSpace,https://fileimosscdn.lejiaolexue.com/rest/dl/b14ef8605b97e62c4ba0877d33246894decd2dd8.css,404 Not Found
b8decfb32d5c4241a065d79f2118da72,云平台个人空间,PersonalSpace,https://fileimosscdn.lejiaolexue.com/rest/dl/c25df7f59f313548e3341e62d72ffc68d2a49379.js,404 Not Found
b98d9f41e6a24df1b196f587a8ee8c96,活动列表,CityActivity,https://fileimosscdn.lejiaolexue.com/rest/dl/4b11ba683ecf40594a6ad62e361348eaf65794ae.css,200
b98d9f41e6a24df1b196f587a8ee8c96,活动列表,CityActivity,https://fileimosscdn.lejiaolexue.com/rest/dl/383a67a4d6cecfc5c61137fce0697b627dd0cd8b.js,404 Not Found
ba60ac0dea6f47cf973d0af9e375ef26,师训课程列表,CourseListV1,https://fileimosscdn.lejiaolexue.com/rest/dl/dcd95935c8432d4c303c5d07dda99c3b9e7fbefb.css,404 Not Found
ba60ac0dea6f47cf973d0af9e375ef26,师训课程列表,CourseListV1,https://fileimosscdn.lejiaolexue.com/rest/dl/6aa729d821a2bc03ba5334622f602757182d635e.js,404 Not Found
bdab18cbcef94c37a6ff891b948f2f09,云平台机构空间,OrganizeSpace,https://fileimosscdn.lejiaolexue.com/rest/dl/b9fd913b03b333135000833015db7ff47635879d.css,404 Not Found
bdab18cbcef94c37a6ff891b948f2f09,云平台机构空间,OrganizeSpace,https://fileimosscdn.lejiaolexue.com/rest/dl/a186d33da9bf1663b7c49de606d8159e8c8989bd.js,404 Not Found
be73174e4530471bbfb2077f23b19b27,应用中心-精品推荐,Recommended,https://fileimosscdn.lejiaolexue.com/rest/dl/f2723e4c4b267f2d093b46c3f59656c28831dd05.css,200
be73174e4530471bbfb2077f23b19b27,应用中心-精品推荐,Recommended,https://fileimosscdn.lejiaolexue.com/rest/dl/8ff97b7c73ab3488caf6a2ac3c1dc4bb03dce04f.js,404 Not Found
bfc2e4690a6843e9b95b35029d1eff7a,师训听评课,Tingpingke,https://fileimosscdn.lejiaolexue.com/rest/dl/abad9dc99a88a38ecacffeb9f4c3125a3a8c2ae0.css,200
bfc2e4690a6843e9b95b35029d1eff7a,师训听评课,Tingpingke,https://fileimosscdn.lejiaolexue.com/rest/dl/e98ff5a8230348871051cf529e73db4e5f9631da.js,200
bff1d39656354c8083319424ad1dec23,师训选择能力点,PickSkillV1,https://fileimosscdn.lejiaolexue.com/rest/dl/afd33d7dee8b766bb8a028d3d5393400b1fa173c.css,404 Not Found
bff1d39656354c8083319424ad1dec23,师训选择能力点,PickSkillV1,https://fileimosscdn.lejiaolexue.com/rest/dl/6372a8aaba6a45b4217f9b937ec5db30fd9284d7.js,404 Not Found
bff8b922ee924a21b6bf39e2b58c0601,最新活动,LatestActivity,https://fileimosscdn.lejiaolexue.com/rest/dl/9dd218a94881a9587fa99c3cc5834711e0cc29c5.css,404 Not Found
bff8b922ee924a21b6bf39e2b58c0601,最新活动,LatestActivity,https://fileimosscdn.lejiaolexue.com/rest/dl/d9b70ebc2e05f37ee624a4e53ce995f29fa282a9.js,200
c37b59ff2e1d403e9ac209db6b560059,视频组件,VideoWidget,https://fileimosscdn.lejiaolexue.com/rest/dl/ef4d4dbbeebf66d61b808ebb5aa19327ea493f9c.css,404 Not Found
c37b59ff2e1d403e9ac209db6b560059,视频组件,VideoWidget,https://fileimosscdn.lejiaolexue.com/rest/dl/b2da6d2766c9eb098bef579272e98510624fb1e1.js,404 Not Found
c4e51f85d52d418d8af45b23900fda17,新首页(多模块),BzIndexPage,https://fileimosscdn.lejiaolexue.com/rest/dl/b709d176973400655526162fb945583217a2d8c5.css,200
c4e51f85d52d418d8af45b23900fda17,新首页(多模块),BzIndexPage,https://fileimosscdn.lejiaolexue.com/rest/dl/e6efe76f632b2b574e274aa913f2190bee525696.js,200
c645348cb7a342d8b4860235a59dbedf,师训学习记录,LearningRecordV1,https://fileimosscdn.lejiaolexue.com/rest/dl/1b6d97621ea269e267964224fe9569d1b0ecf538.css,404 Not Found
c645348cb7a342d8b4860235a59dbedf,师训学习记录,LearningRecordV1,https://fileimosscdn.lejiaolexue.com/rest/dl/bfd4e0433fb9162681951fd47e5f1b8eef58f982.js,404 Not Found
c970e06432064d13a2e97f1e15bd8090,师训活动编辑,ActivityEdit,https://fileimosscdn.lejiaolexue.com/rest/dl/1909163d9e9612dc88047d4bc6b661c1e2dcd125.css,404 Not Found
c970e06432064d13a2e97f1e15bd8090,师训活动编辑,ActivityEdit,https://fileimosscdn.lejiaolexue.com/rest/dl/37049e0b8dc95f64b2f36551a8328eb4d0d8184e.js,404 Not Found
ce3cba47aba24ab4a028639f3281c608,资源中心-精品推荐,Recommendation,https://fileimosscdn.lejiaolexue.com/rest/dl/46c9dd8448b7ea3bb505f1c91ba68c85cf9caa41.css,200
ce3cba47aba24ab4a028639f3281c608,资源中心-精品推荐,Recommendation,https://fileimosscdn.lejiaolexue.com/rest/dl/faedcf8b7042bf4d416ed157ebf56a0369d441e1.js,404 Not Found
cf63a2c793634e44bda74763e299b1c8,底部组件,FooterWidget,https://fileimosscdn.lejiaolexue.com/rest/dl/3c47a0d01408698621f332dd209c84d741fe0b64.css,200
cf63a2c793634e44bda74763e299b1c8,底部组件,FooterWidget,https://fileimosscdn.lejiaolexue.com/rest/dl/6e93e3104e8922d19ae1528e106547b0774742e7.js,200
d292af923aca412d804863b17ddce48e,首页导航,TopMenu,https://fileimosscdn.lejiaolexue.com/rest/dl/1fdb7fe0df339f2924074ec2f4f1630140bb1501.css,200
d292af923aca412d804863b17ddce48e,首页导航,TopMenu,https://fileimosscdn.lejiaolexue.com/rest/dl/f83438971d95f27efc67c259849dcbedcfde7505.js,200
d39133eaa76f44d8b0353a04096647df,个人空间活动,SpaceActivity,https://fileimosscdn.lejiaolexue.com/rest/dl/531e3dbc95bc3c8792d19a6e37c417f652274a6b.css,404 Not Found
d39133eaa76f44d8b0353a04096647df,个人空间活动,SpaceActivity,https://fileimosscdn.lejiaolexue.com/rest/dl/1bedf1f5abc650888a10faf3b0a48889cb458b0d.js,404 Not Found
d6213012b8c142aeac6fb75e9be3922a,校级学校资讯,EduNewsV3,https://fileimosscdn.lejiaolexue.com/rest/dl/04141bee0f1761ff627a6e8a61b7a3c9280b1f7e.css,404 Not Found
d6213012b8c142aeac6fb75e9be3922a,校级学校资讯,EduNewsV3,https://fileimosscdn.lejiaolexue.com/rest/dl/12277e6ccca9eaa2e6d167e0e070d957c66be017.js,404 Not Found
d698bb35a7194785858fceda7069537a,个人空间博客,SpaceBlog,https://fileimosscdn.lejiaolexue.com/rest/dl/fa00d77fcc27594bed9538991193e141cc9e1e75.css,200
d698bb35a7194785858fceda7069537a,个人空间博客,SpaceBlog,https://fileimosscdn.lejiaolexue.com/rest/dl/c794aa2bfed32e3c3824d7bc4061a3af0596e968.js,200
d6a8fc7a7c394a819b16130a050b1100,师训专题必读详情,SubjectReadmeDetailV1,https://fileimosscdn.lejiaolexue.com/rest/dl/ee4e1d6a605b90d8066f108d4667ddbdc65ad336.css,404 Not Found
d6a8fc7a7c394a819b16130a050b1100,师训专题必读详情,SubjectReadmeDetailV1,https://fileimosscdn.lejiaolexue.com/rest/dl/781f954cd81410d62ea56fe75b4f2cab273ccc00.js,404 Not Found
dad5120151a64e1ea7520973e067da1e,应用授权,AppAuth,https://fileimosscdn.lejiaolexue.com/rest/dl/3a665f65b0fda895a51e51a446b484fce1b958eb.css,404 Not Found
dad5120151a64e1ea7520973e067da1e,应用授权,AppAuth,https://fileimosscdn.lejiaolexue.com/rest/dl/7d2f395a6311b27f3137af965b460c8f16a63f2e.js,404 Not Found
db835fcd92e441dfa32f208f819d1f82,师训学习记录头部,LearningRecordHeaderV1,https://fileimosscdn.lejiaolexue.com/rest/dl/85256fe9832a9bd1eb6dfdc8779220eb85e67a49.css,404 Not Found
db835fcd92e441dfa32f208f819d1f82,师训学习记录头部,LearningRecordHeaderV1,https://fileimosscdn.lejiaolexue.com/rest/dl/b14761fe0ed7fd5a34ea190a979cf97c5060b0aa.js,404 Not Found
dc1125ac487540ce9ea9fdf1779d647e,师训研修日志,ReserchLog,https://fileimosscdn.lejiaolexue.com/rest/dl/c81283c23168cd1aa13a028a966c63abd3bd2d89.css,200
dc1125ac487540ce9ea9fdf1779d647e,师训研修日志,ReserchLog,https://fileimosscdn.lejiaolexue.com/rest/dl/e17ce75ebfb27c722b797d927c3e9f639a4df644.js,200
dde1643081ae4758ab30ba8ea18d84ef,资源,ResourcesShow,https://fileimosscdn.lejiaolexue.com/rest/dl/4e4e74f101a9eba2b5a207a0e2c1b5c1c72a0d77.css,404 Not Found
dde1643081ae4758ab30ba8ea18d84ef,资源,ResourcesShow,https://fileimosscdn.lejiaolexue.com/rest/dl/87b99c9a2a6aee2b9f4273eb13a284daa1540d10.js,404 Not Found
de30ee5532d04b34ae51c99474b47c80,师训首页专题列表,HomeSubjectV1,https://fileimosscdn.lejiaolexue.com/rest/dl/cb04bf817ac1be784ec9208e548b0b82ce758629.css,200
de30ee5532d04b34ae51c99474b47c80,师训首页专题列表,HomeSubjectV1,https://fileimosscdn.lejiaolexue.com/rest/dl/a7b7b4c39080c657b8c6a79ed9e7f54d9b5dfbfe.js,200
df3eb3e468b84cccb1ec1d6e88fc98fc,个人空间乐闻列表,SpaceLeWenList,https://fileimosscdn.lejiaolexue.com/rest/dl/edf3fc20c6c81feedcc12cc6b75f2eca17f303f3.css,404 Not Found
df3eb3e468b84cccb1ec1d6e88fc98fc,个人空间乐闻列表,SpaceLeWenList,https://fileimosscdn.lejiaolexue.com/rest/dl/3799cb3fcb45f91b716c57c22b9b3fc28390ccfb.js,404 Not Found
e4c0c1bb704441db81a8d3f730142969,校级首页应用列表,SysAppV4,https://fileimosscdn.lejiaolexue.com/rest/dl/98edbafdee9bbb5f03384e600cf9f0c35577f38d.css,200
e4c0c1bb704441db81a8d3f730142969,校级首页应用列表,SysAppV4,https://fileimosscdn.lejiaolexue.com/rest/dl/de7bd1bfc173f1988d497c51ed3ff4a58782e2a4.js,404 Not Found
e62a76eb794d4a8c94e5a0691530a8f4,个人空间相册,SpacePhotos,https://fileimosscdn.lejiaolexue.com/rest/dl/ffd825026089b05e0de638002d49f3eab171e45f.css,200
e62a76eb794d4a8c94e5a0691530a8f4,个人空间相册,SpacePhotos,https://fileimosscdn.lejiaolexue.com/rest/dl/54054dfbe3dfd7afa5ec34c1fe93edea64181538.js,200
e7fd91a2f17b408eb1f0e88ead5dcabb,首页博客,BlogShow,https://fileimosscdn.lejiaolexue.com/rest/dl/2d0b476f7cbdd3be0884416df3fd19ecb22f9dfd.css,404 Not Found
e7fd91a2f17b408eb1f0e88ead5dcabb,首页博客,BlogShow,https://fileimosscdn.lejiaolexue.com/rest/dl/8cb2bf22578ad89255c0b9ddfdf79cd9756d3e3f.js,404 Not Found
ea614a8e109e4cc7b85bc8d0d1977a31,个人空间头部,SpaceHeader,https://fileimosscdn.lejiaolexue.com/rest/dl/2c1f2972c77eb07cf107d076021e4f2226c10215.css,200
ea614a8e109e4cc7b85bc8d0d1977a31,个人空间头部,SpaceHeader,https://fileimosscdn.lejiaolexue.com/rest/dl/6d5321a59bcbf5fef52eca05a8870e9ae31382b8.js,200
eb27ea10a7874c2ead0310125a316e94,字体测试,DownloadPage,https://fileimosscdn.lejiaolexue.com/rest/dl/d6734456b9d5513d25d5d99ee8803907b02e9d47.css,404 Not Found
eb27ea10a7874c2ead0310125a316e94,字体测试,DownloadPage,https://fileimosscdn.lejiaolexue.com/rest/dl/8c2fb63ad3914c9de8f2eb4b2bb22c47ea0e69d2.js,404 Not Found
eb99cc4f281f4420b58703dc20587997,个人空间活动详情,SpaceActivityDetail,https://fileimosscdn.lejiaolexue.com/rest/dl/3f97e3e97d6c6b631badc5654a2572473ddfc06d.css,404 Not Found
eb99cc4f281f4420b58703dc20587997,个人空间活动详情,SpaceActivityDetail,https://fileimosscdn.lejiaolexue.com/rest/dl/b116eb532b7dc60581b1e020c594fcf5b778d17f.js,404 Not Found
ecb0166f840343959d3326f3666b8b44,友情链接,YouQing,https://fileimosscdn.lejiaolexue.com/rest/dl/3eafe0b73ac94be7a8cb560e56c6f128c738a43d.css,200
ecb0166f840343959d3326f3666b8b44,友情链接,YouQing,https://fileimosscdn.lejiaolexue.com/rest/dl/d12f6da06d005e28419570d6b11a3ef9b1f2181d.js,200
f0721967b92549e0a7e513dc88b362ad,友情链接,Blogroll,https://fileimosscdn.lejiaolexue.com/rest/dl/2704a06a20ea08662a8553359081cb6b5513d56d.css,404 Not Found
f0721967b92549e0a7e513dc88b362ad,友情链接,Blogroll,https://fileimosscdn.lejiaolexue.com/rest/dl/ae44c5caeb00985d06e3d7cd481e754fb796bab0.js,200
f0c74a5237304d7bab4be1abd5e77063,师训专题必读,SubjectReadmeV1,https://fileimosscdn.lejiaolexue.com/rest/dl/c1a51f52a037022439eebfed4c8be30d19d581a6.css,200
f0c74a5237304d7bab4be1abd5e77063,师训专题必读,SubjectReadmeV1,https://fileimosscdn.lejiaolexue.com/rest/dl/86e15ab91d85bb0e8492ab0f300db65a4d4effa3.js,404 Not Found
f4e8d0326fac4370b7d2dc864a876a67,个人空间博客列表,SpaceBlogList,https://fileimosscdn.lejiaolexue.com/rest/dl/70b937ecfb4399ec336b40ef52e74564db7f9fe5.css,200
f4e8d0326fac4370b7d2dc864a876a67,个人空间博客列表,SpaceBlogList,https://fileimosscdn.lejiaolexue.com/rest/dl/f6c321ca56834b4ff1d9f1c987cc9e6aecf687f4.js,404 Not Found
f4fb9953eb66454f9c9c8b76e7f480be,VideoPlayer,VideoPlayer,https://fileimosscdn.lejiaolexue.com/rest/dl/d979718c14ea3f60fb88abb7d6d1b5ecfe6e0d80.css,200
f4fb9953eb66454f9c9c8b76e7f480be,VideoPlayer,VideoPlayer,https://fileimosscdn.lejiaolexue.com/rest/dl/ef4239fedd205ebbf9e430e4045d96b6e138de7b.js,200
f5aa38da00bb45058403a620e5246f98,个人空间活动作品列表,SpaceActivityWorks,https://fileimosscdn.lejiaolexue.com/rest/dl/fd017f1e1a4c15cf33da8d3c370572ad08797052.css,200
f5aa38da00bb45058403a620e5246f98,个人空间活动作品列表,SpaceActivityWorks,https://fileimosscdn.lejiaolexue.com/rest/dl/0ede565d544516386802251bc5ddb28136df259f.js,404 Not Found
f60efd85847449e2b63914475130b5ab,淮北临时,BzIndexPage,https://fileimosscdn.lejiaolexue.com/rest/dl/b709d176973400655526162fb945583217a2d8c5.css,200
f60efd85847449e2b63914475130b5ab,淮北临时,BzIndexPage,https://fileimosscdn.lejiaolexue.com/rest/dl/e6efe76f632b2b574e274aa913f2190bee525696.js,200
f780e0a1079e40e4ac58ea88cdf17ac1,师训资源上传详情,UploadResourceDetail,https://fileimosscdn.lejiaolexue.com/rest/dl/f436002f27f77c6fa246fa66b957cb2d090ade34.css,404 Not Found
f780e0a1079e40e4ac58ea88cdf17ac1,师训资源上传详情,UploadResourceDetail,https://fileimosscdn.lejiaolexue.com/rest/dl/051d10d072a92801b7151e535159574bbc820c01.js,404 Not Found
f906466499af489e8330c36e117c4d59,校级应用列表,SysAppListV2,https://fileimosscdn.lejiaolexue.com/rest/dl/0d1ebb98801181407fdc4a17ee33726b0011e69e.css,404 Not Found
f906466499af489e8330c36e117c4d59,校级应用列表,SysAppListV2,https://fileimosscdn.lejiaolexue.com/rest/dl/78e2faec875646e7881509d0d078350afc0bad5c.js,404 Not Found
fa708cbd16a24f928c9aefd6ca1569c2,新文字组件,StringWidget,https://fileimosscdn.lejiaolexue.com/rest/dl/81e6b92fb004a1f3d64131e07abdcbfbd6eb4fbe.css,200
fa708cbd16a24f928c9aefd6ca1569c2,新文字组件,StringWidget,https://fileimosscdn.lejiaolexue.com/rest/dl/157e36fb612726b28fba9055c6fd79c4aeb7b1c8.js,200
fff5d39b8d21421ebdc3611390acb40c,资源搜索,ResourceSearch,https://fileimosscdn.lejiaolexue.com/rest/dl/ebf925c26774a42afc85e1006acd60a28eafdf6c.css,404 Not Found
fff5d39b8d21421ebdc3611390acb40c,资源搜索,ResourceSearch,https://fileimosscdn.lejiaolexue.com/rest/dl/9bd3df383edaf904fdda74d816033ec452895cce.js,404 Not Found