url,status
https://fileimosscdn.lejiaolexue.com/rest/dl/db175412323ea73711c4e10dc1cdb89dad080e52.png,ok
https://fileimosscdn.lejiaolexue.com/rest/dl/a1a95c8aeffb086c3221848b01e3b052fdfc5bd9.png,ok
https://fileimosscdn.lejiaolexue.com/rest/dl/ad4ae215b4f98148ce65175a8d537694d25f2c5e.png,ok
https://fileimosscdn.lejiaolexue.com/rest/dl/750344da536b4a911b212452277f78cf065618d7.png,ok
https://fileimosscdn.lejiaolexue.com/rest/dl/c1a560ad07b6589bb7e5d038244ee3dc5e8686ff.png,ok
https://fileimosscdn.lejiaolexue.com/rest/dl/3826b0d4ee204a3a9b488bd4902f6fc919f4ae34.png,ok
https://fileimosscdn.lejiaolexue.com/rest/dl/de14dcbf95c802b4399a38859ffbe6682dc95079.png,ok
https://fileimosscdn.lejiaolexue.com/rest/dl/fe11b6e4ec4bf9b60a535830d4c7a856e7c916e7.png,ok
https://fileimosscdn.lejiaolexue.com/rest/dl/62f2cc75a2fa8da2dc923605fb3c678aa4a5e176.png,ok
https://fileimosscdn.lejiaolexue.com/rest/dl/c1fb8f40d9525e04c58e0c413c74bcca8f493ae2.png,ok
https://fileimosscdn.lejiaolexue.com/rest/dl/e7806252a34b2b554ff25857d6204f18c557e262.rar,ok
https://fileimosscdn.lejiaolexue.com/rest/dl/3a346903b05793c00521c045e38310bb78591582.zip,Request failed with status code 404
https://fileimosscdn.lejiaolexue.com/rest/dl/871d523650a3aa935f2271558790f585a2748f4b.exe,Request failed with status code 404
https://fileimosscdn.lejiaolexue.com/rest/dl/692f4ebfccbbfe35de3eb69834ce2193fa73960b.jpg,Request failed with status code 404
https://fileimosscdn.lejiaolexue.com/rest/dl/4993532c2e7ee9f67c48571ff2e7b24b45b14406.jpg,Request failed with status code 404
https://fileimosscdn.lejiaolexue.com/rest/dl/657a59df68f8780f1c2cee68cf18408e024c4c73.png,ok
https://fileimosscdn.lejiaolexue.com/rest/dl/eca90729b2b6fe17134ffdee3b9cc6a5bc55d4dc.png,Request failed with status code 404
https://fileimosscdn.lejiaolexue.com/rest/dl/9cfa36b2e31575ff7abbef11726c61b7f54cc955.png,ok
https://fileimosscdn.lejiaolexue.com/rest/dl/8cdfcefc31d4e0ac86b5c8646ad888de954860e1.png,ok
https://fileimosscdn.lejiaolexue.com/rest/dl/63346d8f2d241615716af606affbb3a8f69ace1f.jpg,Request failed with status code 404
https://fileimosscdn.lejiaolexue.com/rest/dl/8f7ad22a92deff5744bc824396b016a5f7bc48d6.jpg,ok
https://fileimosscdn.lejiaolexue.com/rest/dl/804c8247630b89235c291916d8bdeb973e61dcab.png,ok
https://fileimosscdn.lejiaolexue.com/rest/dl/fb560691a5dd977eee67def9c3e7c9e025b4a70b.png,Request failed with status code 404
https://fileimosscdn.lejiaolexue.com/rest/dl/b78c59e251f32bfff6bbdb0234a3dd73e998d43c.png,Request failed with status code 404
https://fileimosscdn.lejiaolexue.com/rest/dl/e90b0a5a5c1585efef96fdf5de149375c1c2b9b4.png,ok
https://fileimosscdn.lejiaolexue.com/rest/dl/e39fe2f8f0a580dc87db6852355fa2b73081cc6a.png,Request failed with status code 404
https://fileimosscdn.lejiaolexue.com/rest/dl/b42ddadba0d25555a3335766dd6e128385095dfa.png,ok
https://fileimosscdn.lejiaolexue.com/rest/dl/a6ec6b2d4dae147865354f5916dda870a304b31b.png,Request failed with status code 404
https://fileimosscdn.lejiaolexue.com/rest/dl/8f2d7674272c4eb79063d6f054ff4f97999fc774.png,Request failed with status code 404
https://fileimosscdn.lejiaolexue.com/rest/dl/f960540ee7e0c766423f358c1f9a102eb74d8ac7.png,Request failed with status code 404
https://fileimosscdn.lejiaolexue.com/rest/dl/7c5d2e41a802aeb8f858e446392808f6c57791f8.jpg,ok
https://fileimosscdn.lejiaolexue.com/rest/dl/b883f69106fe72a8465af03c9df749b3ea7ccb7a.jpg,Request failed with status code 404
https://fileimosscdn.lejiaolexue.com/rest/dl/0090fb1a437fa7f8a73f453c9efcdef885c57bbb.jpg,Request failed with status code 404
https://fileimosscdn.lejiaolexue.com/rest/dl/2717ad50745d4b8cb549a146f2e056b025af48dd.jpg,Request failed with status code 404
https://fileimosscdn.lejiaolexue.com/rest/dl/f66b6d87fc33d5e6088c226c0c7dfdcd5c148761.jpg,Request failed with status code 404
https://fileimosscdn.lejiaolexue.com/rest/dl/b2153a7af953c3325a6b51bbe3d65ab2b4cafe0a.jpg,ok
https://fileimosscdn.lejiaolexue.com/rest/dl/c55d0f9adc876eff30703057f1b6830ab383f698.png,ok
https://fileimosscdn.lejiaolexue.com/rest/dl/3153b3ff8b44e9c337bfa9c632f65e2d0790d02c.png,ok
https://fileimosscdn.lejiaolexue.com/rest/dl/300593e27fff03259533439b63906e6c7af0318f.png,ok
https://fileimosscdn.lejiaolexue.com/rest/dl/0319f8ef77e9be7048dcbf2772f78ce4a423767e.png,Request failed with status code 404
https://fileimosscdn.lejiaolexue.com/rest/dl/ed795ac76c6a04b43152c4a5f978ea1da7d0e925.png,Request failed with status code 404
https://fileimosscdn.lejiaolexue.com/rest/dl/d0591873ab3db48e6990bbcd93fd922c32863415.png,ok
https://fileimosscdn.lejiaolexue.com/rest/dl/12a8548e91d9979244499eba9fe19a4b79b7d9a3.png,ok
https://fileimosscdn.lejiaolexue.com/rest/dl/f1228748de1265f30e827e77ab933913eb1e3d2a.png,Request failed with status code 404
https://fileimosscdn.lejiaolexue.com/rest/dl/008eb29adee4e6f64d6d5bcc02bf276dabc7336d.png,Request failed with status code 404
https://fileimosscdn.lejiaolexue.com/rest/dl/2c00c985505f83e7ac13bf11bcce93fac56f38a9.png,Request failed with status code 404
https://fileimosscdn.lejiaolexue.com/rest/dl/2c4af211888a884b91ff73ad1ef8d33958c9893d.png,Request failed with status code 404
https://fileimosscdn.lejiaolexue.com/rest/dl/eaf3ac81dd1646c88f7ca132825c4e5df8c923e9.png,ok
https://fileimosscdn.lejiaolexue.com/rest/dl/6d99023d02f442808e7676dcef07ead45738c235.png,Request failed with status code 404
https://fileimosscdn.lejiaolexue.com/rest/dl/28fd22f468eca9d9833ded1a3cb4f3b411611716.png,ok
https://fileimosscdn.lejiaolexue.com/rest/dl/7172090045a2f3e6a23b6f34952baf9a3e4f5048.png,Request failed with status code 404
https://fileimosscdn.lejiaolexue.com/rest/dl/7078d2b99432846c7efd4fbeb8fc82dae1f4769b.png,ok
https://fileimosscdn.lejiaolexue.com/rest/dl/b9aecefc7528ab9d19d5b853fff8ab832cc2b1be.png,Request failed with status code 404
https://fileimosscdn.lejiaolexue.com/rest/dl/3e49687f94cdabdaedee791147dc78db4be58a30.jpg,Request failed with status code 404
https://fileimosscdn.lejiaolexue.com/rest/dl/3e49687f94cdabdaedee791147dc78db4be58a30.jpg,Request failed with status code 404
https://fileimosscdn.lejiaolexue.com/rest/dl/4a60b495284e4f5e29540307681d29066b5d3e2e.jpg,ok
https://fileimosscdn.lejiaolexue.com/rest/dl/a1502d5c394bf43de43d3ddb76210608a688b4de.png,ok
https://fileimosscdn.lejiaolexue.com/rest/dl/9c3620885625db380da22755d548a97d1c0d5548.jpg,ok
https://fileimosscdn.lejiaolexue.com/rest/dl/6e8ab690b73911069ac96fcb3a2be1f9813cfd93.jpg,ok
https://fileimosscdn.lejiaolexue.com/rest/dl/284aaa2f3b2f49cfa705f72919ef7ce1cc2f4b2f.jpg,ok
https://fileimosscdn.lejiaolexue.com/rest/dl/d9c1e0123287487abce2bca65b6e2df50b71d3ec.jpg,ok
https://fileimosscdn.lejiaolexue.com/rest/dl/d7a86d46abe4cdd0c4ce3f60cd511de34bf8249f.jpg,ok
https://fileimosscdn.lejiaolexue.com/rest/dl/12cc3d67139af7c3cdfe31d4ddc5d4da36797081.png,ok
https://fileimosscdn.lejiaolexue.com/rest/dl/4360bbc5f44701edfeb269bc052ca3336ba9eee8.png,ok
https://fileimosscdn.lejiaolexue.com/rest/dl/b2f14ff9b6fbad22839fc52c5f9e9cf8507f39da.png,ok
https://fileimosscdn.lejiaolexue.com/rest/dl/cd8df103ff0a374df62338254932a328faafbb78.png,ok
https://fileimosscdn.lejiaolexue.com/rest/dl/a5478353d3a4e1ce5f4d27549c2f201bb340e0cb.png,ok
https://fileimosscdn.lejiaolexue.com/rest/dl/a5478353d3a4e1ce5f4d27549c2f201bb340e0cb.png,ok
https://fileimosscdn.lejiaolexue.com/rest/dl/9674231b2e0e507b667b0616ec23b5e5f7b23d26.jpg,Request failed with status code 404
https://fileimosscdn.lejiaolexue.com/rest/dl/e682dc99b7481eef25fab19d1f2c5751099061d3.jpg,ok
https://fileimosscdn.lejiaolexue.com/rest/dl/5e062f09253faa7861e53f4b577bd61b0f5fe1a6.jpg,ok
https://fileimosscdn.lejiaolexue.com/rest/dl/72b5c5ffeb756c45014bf47111104f0332ad0b02.jpg,ok